case_id,state_key,preprocess_variant,head_idx,channel,head_key,threshold,gt_is_positive,pred_is_positive,logits_min,logits_max,logits_mean,logits_std,prob_min,prob_max,prob_mean,prob_std,probability_map_path,binary_mask_path,visual_overlay_path,probability_histogram_path,dice,iou,precision,recall,specificity,tp_pixels,fp_pixels,fn_pixels,tn_pixels,gt_foreground_pixels,pred_foreground_pixels,total_pixels
siim_009202,model,official_siim_224,5,,head_5,0.5,True,True,-169.33975219726562,3.9552204608917236,-59.153411865234375,27.665021896362305,0.0,0.9812055826187134,0.001403746078722179,0.03123069368302822,artifacts\diagnostics\foundation_x_official_direct\dryrun_official\probability_maps\model\official_siim_224\head_5\siim_009202.png,artifacts\diagnostics\foundation_x_official_direct\dryrun_official\binary_masks\model\official_siim_224\head_5\siim_009202.png,artifacts\diagnostics\foundation_x_official_direct\dryrun_official\visual_overlays\model\official_siim_224\head_5\siim_009202.png,artifacts\diagnostics\foundation_x_official_direct\dryrun_official\probability_histograms\model\official_siim_224\head_5\siim_009202.png,0.42443729903536975,0.2693877551020408,1.0,0.2693877551020408,1.0,66,0,179,49931,245,66,50176
siim_009202,model,official_siim_224,2,,head_2,0.5,True,True,-202.6248321533203,3.177722454071045,-62.44502258300781,32.9796142578125,0.0,0.9599872827529907,0.0010656913509592414,0.025779524818062782,artifacts\diagnostics\foundation_x_official_direct\dryrun_official\probability_maps\model\official_siim_224\head_2\siim_009202.png,artifacts\diagnostics\foundation_x_official_direct\dryrun_official\binary_masks\model\official_siim_224\head_2\siim_009202.png,artifacts\diagnostics\foundation_x_official_direct\dryrun_official\visual_overlays\model\official_siim_224\head_2\siim_009202.png,artifacts\diagnostics\foundation_x_official_direct\dryrun_official\probability_histograms\model\official_siim_224\head_2\siim_009202.png,0.3044982698961938,0.17959183673469387,1.0,0.17959183673469387,1.0,44,0,201,49931,245,44,50176
siim_009202,model,official_siim_224,4,12,head_4_ch12,0.5,True,False,-78.74514770507812,-5.668293476104736,-21.543699264526367,8.473546981811523,6.330192051577785e-35,0.003441866720095277,8.501833690388594e-06,0.00011242073378525674,artifacts\diagnostics\foundation_x_official_direct\dryrun_official\probability_maps\model\official_siim_224\head_4_ch12\siim_009202.png,artifacts\diagnostics\foundation_x_official_direct\dryrun_official\binary_masks\model\official_siim_224\head_4_ch12\siim_009202.png,artifacts\diagnostics\foundation_x_official_direct\dryrun_official\visual_overlays\model\official_siim_224\head_4_ch12\siim_009202.png,artifacts\diagnostics\foundation_x_official_direct\dryrun_official\probability_histograms\model\official_siim_224\head_4_ch12\siim_009202.png,0.0,0.0,0.0,0.0,1.0,0,0,245,49931,245,0,50176
siim_009202,model,official_siim_512,5,,head_5,0.5,True,True,-193.17247009277344,20.8708553314209,-55.37367248535156,26.40582847595215,0.0,1.0,0.005831137765198946,0.0741041973233223,artifacts\diagnostics\foundation_x_official_direct\dryrun_official\probability_maps\model\official_siim_512\head_5\siim_009202.png,artifacts\diagnostics\foundation_x_official_direct\dryrun_official\binary_masks\model\official_siim_512\head_5\siim_009202.png,artifacts\diagnostics\foundation_x_official_direct\dryrun_official\visual_overlays\model\official_siim_512\head_5\siim_009202.png,artifacts\diagnostics\foundation_x_official_direct\dryrun_official\probability_histograms\model\official_siim_512\head_5\siim_009202.png,0.7954220314735336,0.6603325415676959,0.7310979618671927,0.8721568627450981,0.9984321632696871,1112,409,163,260460,1275,1521,262144
siim_009202,model,official_siim_512,2,,head_2,0.5,True,True,-239.09597778320312,20.706560134887695,-58.101070404052734,31.772289276123047,0.0,1.0,0.005674020387232304,0.07302005589008331,artifacts\diagnostics\foundation_x_official_direct\dryrun_official\probability_maps\model\official_siim_512\head_2\siim_009202.png,artifacts\diagnostics\foundation_x_official_direct\dryrun_official\binary_masks\model\official_siim_512\head_2\siim_009202.png,artifacts\diagnostics\foundation_x_official_direct\dryrun_official\visual_overlays\model\official_siim_512\head_2\siim_009202.png,artifacts\diagnostics\foundation_x_official_direct\dryrun_official\probability_histograms\model\official_siim_512\head_2\siim_009202.png,0.7871953437613678,0.6490701859628074,0.7340569877883311,0.8486274509803922,0.9984973300775485,1082,392,193,260477,1275,1474,262144
siim_009202,model,official_siim_512,4,12,head_4_ch12,0.5,True,False,-74.82469940185547,-1.12582528591156,-18.13311195373535,7.487179756164551,3.191875646769421e-33,0.2449323534965515,0.00035562203265726566,0.004377956502139568,artifacts\diagnostics\foundation_x_official_direct\dryrun_official\probability_maps\model\official_siim_512\head_4_ch12\siim_009202.png,artifacts\diagnostics\foundation_x_official_direct\dryrun_official\binary_masks\model\official_siim_512\head_4_ch12\siim_009202.png,artifacts\diagnostics\foundation_x_official_direct\dryrun_official\visual_overlays\model\official_siim_512\head_4_ch12\siim_009202.png,artifacts\diagnostics\foundation_x_official_direct\dryrun_official\probability_histograms\model\official_siim_512\head_4_ch12\siim_009202.png,0.0,0.0,0.0,0.0,1.0,0,0,1275,260869,1275,0,262144
siim_009202,model,current_pr9a_512,5,,head_5,0.5,True,True,-196.1051025390625,7.1073737144470215,-64.98735809326172,24.054738998413086,0.0,0.9991815686225891,0.0013303500600159168,0.03411871939897537,artifacts\diagnostics\foundation_x_official_direct\dryrun_official\probability_maps\model\current_pr9a_512\head_5\siim_009202.png,artifacts\diagnostics\foundation_x_official_direct\dryrun_official\binary_masks\model\current_pr9a_512\head_5\siim_009202.png,artifacts\diagnostics\foundation_x_official_direct\dryrun_official\visual_overlays\model\current_pr9a_512\head_5\siim_009202.png,artifacts\diagnostics\foundation_x_official_direct\dryrun_official\probability_histograms\model\current_pr9a_512\head_5\siim_009202.png,0.40417690417690416,0.25327174749807546,0.9320113314447592,0.2580392156862745,0.9999079998006662,329,24,946,260845,1275,353,262144
siim_009202,model,current_pr9a_512,2,,head_2,0.5,True,True,-234.90725708007812,8.576520919799805,-67.72250366210938,28.209144592285156,0.0,0.999811589717865,0.001572870765812695,0.03754093497991562,artifacts\diagnostics\foundation_x_official_direct\dryrun_official\probability_maps\model\current_pr9a_512\head_2\siim_009202.png,artifacts\diagnostics\foundation_x_official_direct\dryrun_official\binary_masks\model\current_pr9a_512\head_2\siim_009202.png,artifacts\diagnostics\foundation_x_official_direct\dryrun_official\visual_overlays\model\current_pr9a_512\head_2\siim_009202.png,artifacts\diagnostics\foundation_x_official_direct\dryrun_official\probability_histograms\model\current_pr9a_512\head_2\siim_009202.png,0.4307692307692308,0.27450980392156865,0.8771084337349397,0.28549019607843135,0.9998044995764157,364,51,911,260818,1275,415,262144
siim_009202,model,current_pr9a_512,4,12,head_4_ch12,0.5,True,False,-61.50801467895508,-4.200510025024414,-20.990358352661133,6.879674911499023,1.9382447256376367e-27,0.01476660929620266,1.0918775842583273e-05,0.00014952714263927191,artifacts\diagnostics\foundation_x_official_direct\dryrun_official\probability_maps\model\current_pr9a_512\head_4_ch12\siim_009202.png,artifacts\diagnostics\foundation_x_official_direct\dryrun_official\binary_masks\model\current_pr9a_512\head_4_ch12\siim_009202.png,artifacts\diagnostics\foundation_x_official_direct\dryrun_official\visual_overlays\model\current_pr9a_512\head_4_ch12\siim_009202.png,artifacts\diagnostics\foundation_x_official_direct\dryrun_official\probability_histograms\model\current_pr9a_512\head_4_ch12\siim_009202.png,0.0,0.0,0.0,0.0,1.0,0,0,1275,260869,1275,0,262144
siim_010316,model,official_siim_224,5,,head_5,0.5,False,False,-134.89749145507812,-13.810430526733398,-71.51591491699219,21.07440757751465,0.0,1.0050919172499562e-06,1.5736620340156549e-10,9.874674411491924e-09,artifacts\diagnostics\foundation_x_official_direct\dryrun_official\probability_maps\model\official_siim_224\head_5\siim_010316.png,artifacts\diagnostics\foundation_x_official_direct\dryrun_official\binary_masks\model\official_siim_224\head_5\siim_010316.png,artifacts\diagnostics\foundation_x_official_direct\dryrun_official\visual_overlays\model\official_siim_224\head_5\siim_010316.png,artifacts\diagnostics\foundation_x_official_direct\dryrun_official\probability_histograms\model\official_siim_224\head_5\siim_010316.png,1.0,1.0,1.0,1.0,1.0,0,0,0,50176,0,0,50176
siim_010316,model,official_siim_224,2,,head_2,0.5,False,False,-146.47555541992188,-13.612981796264648,-71.32413482666016,23.35746192932129,0.0,1.2244937579453108e-06,3.71692010503466e-10,1.508837144115205e-08,artifacts\diagnostics\foundation_x_official_direct\dryrun_official\probability_maps\model\official_siim_224\head_2\siim_010316.png,artifacts\diagnostics\foundation_x_official_direct\dryrun_official\binary_masks\model\official_siim_224\head_2\siim_010316.png,artifacts\diagnostics\foundation_x_official_direct\dryrun_official\visual_overlays\model\official_siim_224\head_2\siim_010316.png,artifacts\diagnostics\foundation_x_official_direct\dryrun_official\probability_histograms\model\official_siim_224\head_2\siim_010316.png,1.0,1.0,1.0,1.0,1.0,0,0,0,50176,0,0,50176
siim_010316,model,official_siim_224,4,12,head_4_ch12,0.5,False,False,-60.06431579589844,-3.640528917312622,-25.27126693725586,9.420866012573242,8.211057487963162e-27,0.025567607954144478,8.470845205010846e-05,0.0009537313017062843,artifacts\diagnostics\foundation_x_official_direct\dryrun_official\probability_maps\model\official_siim_224\head_4_ch12\siim_010316.png,artifacts\diagnostics\foundation_x_official_direct\dryrun_official\binary_masks\model\official_siim_224\head_4_ch12\siim_010316.png,artifacts\diagnostics\foundation_x_official_direct\dryrun_official\visual_overlays\model\official_siim_224\head_4_ch12\siim_010316.png,artifacts\diagnostics\foundation_x_official_direct\dryrun_official\probability_histograms\model\official_siim_224\head_4_ch12\siim_010316.png,1.0,1.0,1.0,1.0,1.0,0,0,0,50176,0,0,50176
siim_010316,model,official_siim_512,5,,head_5,0.5,False,False,-132.34437561035156,-8.78826904296875,-55.396507263183594,20.839046478271484,0.0,0.0001524884719401598,6.372094407680606e-09,6.502437486233248e-07,artifacts\diagnostics\foundation_x_official_direct\dryrun_official\probability_maps\model\official_siim_512\head_5\siim_010316.png,artifacts\diagnostics\foundation_x_official_direct\dryrun_official\binary_masks\model\official_siim_512\head_5\siim_010316.png,artifacts\diagnostics\foundation_x_official_direct\dryrun_official\visual_overlays\model\official_siim_512\head_5\siim_010316.png,artifacts\diagnostics\foundation_x_official_direct\dryrun_official\probability_histograms\model\official_siim_512\head_5\siim_010316.png,1.0,1.0,1.0,1.0,1.0,0,0,0,262144,0,0,262144
siim_010316,model,official_siim_512,2,,head_2,0.5,False,False,-147.96400451660156,-9.773841857910156,-56.30602264404297,23.72578239440918,0.0,5.691800470231101e-05,4.632052075237425e-09,3.1431096658707247e-07,artifacts\diagnostics\foundation_x_official_direct\dryrun_official\probability_maps\model\official_siim_512\head_2\siim_010316.png,artifacts\diagnostics\foundation_x_official_direct\dryrun_official\binary_masks\model\official_siim_512\head_2\siim_010316.png,artifacts\diagnostics\foundation_x_official_direct\dryrun_official\visual_overlays\model\official_siim_512\head_2\siim_010316.png,artifacts\diagnostics\foundation_x_official_direct\dryrun_official\probability_histograms\model\official_siim_512\head_2\siim_010316.png,1.0,1.0,1.0,1.0,1.0,0,0,0,262144,0,0,262144
siim_010316,model,official_siim_512,4,12,head_4_ch12,0.5,False,True,-54.751651763916016,4.486827373504639,-16.871191024780273,8.64338207244873,1.6659415059794735e-24,0.9888689517974854,0.01111055538058281,0.07617879658937454,artifacts\diagnostics\foundation_x_official_direct\dryrun_official\probability_maps\model\official_siim_512\head_4_ch12\siim_010316.png,artifacts\diagnostics\foundation_x_official_direct\dryrun_official\binary_masks\model\official_siim_512\head_4_ch12\siim_010316.png,artifacts\diagnostics\foundation_x_official_direct\dryrun_official\visual_overlays\model\official_siim_512\head_4_ch12\siim_010316.png,artifacts\diagnostics\foundation_x_official_direct\dryrun_official\probability_histograms\model\official_siim_512\head_4_ch12\siim_010316.png,0.0,0.0,0.0,0.0,0.9922447204589844,0,2033,0,260111,0,2033,262144
siim_010316,model,current_pr9a_512,5,,head_5,0.5,False,False,-134.16610717773438,-8.562151908874512,-62.620765686035156,19.91558265686035,0.0,0.00019117083866149187,7.627235731888504e-09,8.81296898569417e-07,artifacts\diagnostics\foundation_x_official_direct\dryrun_official\probability_maps\model\current_pr9a_512\head_5\siim_010316.png,artifacts\diagnostics\foundation_x_official_direct\dryrun_official\binary_masks\model\current_pr9a_512\head_5\siim_010316.png,artifacts\diagnostics\foundation_x_official_direct\dryrun_official\visual_overlays\model\current_pr9a_512\head_5\siim_010316.png,artifacts\diagnostics\foundation_x_official_direct\dryrun_official\probability_histograms\model\current_pr9a_512\head_5\siim_010316.png,1.0,1.0,1.0,1.0,1.0,0,0,0,262144,0,0,262144
siim_010316,model,current_pr9a_512,2,,head_2,0.5,False,False,-144.356201171875,-8.976236343383789,-65.40473937988281,22.234689712524414,0.0,0.0001263616286450997,8.202421852843145e-09,7.685234777454752e-07,artifacts\diagnostics\foundation_x_official_direct\dryrun_official\probability_maps\model\current_pr9a_512\head_2\siim_010316.png,artifacts\diagnostics\foundation_x_official_direct\dryrun_official\binary_masks\model\current_pr9a_512\head_2\siim_010316.png,artifacts\diagnostics\foundation_x_official_direct\dryrun_official\visual_overlays\model\current_pr9a_512\head_2\siim_010316.png,artifacts\diagnostics\foundation_x_official_direct\dryrun_official\probability_histograms\model\current_pr9a_512\head_2\siim_010316.png,1.0,1.0,1.0,1.0,1.0,0,0,0,262144,0,0,262144
siim_010316,model,current_pr9a_512,4,12,head_4_ch12,0.5,False,True,-55.39430236816406,0.9715797901153564,-21.21420669555664,8.7490816116333,8.761130628582081e-25,0.7254343032836914,0.0012000746792182326,0.016134344041347504,artifacts\diagnostics\foundation_x_official_direct\dryrun_official\probability_maps\model\current_pr9a_512\head_4_ch12\siim_010316.png,artifacts\diagnostics\foundation_x_official_direct\dryrun_official\binary_masks\model\current_pr9a_512\head_4_ch12\siim_010316.png,artifacts\diagnostics\foundation_x_official_direct\dryrun_official\visual_overlays\model\current_pr9a_512\head_4_ch12\siim_010316.png,artifacts\diagnostics\foundation_x_official_direct\dryrun_official\probability_histograms\model\current_pr9a_512\head_4_ch12\siim_010316.png,0.0,0.0,0.0,0.0,0.9997177124023438,0,74,0,262070,0,74,262144
siim_009202,teacher_model,official_siim_224,5,,head_5,0.5,True,True,-267.91259765625,10.368926048278809,-91.33576965332031,45.028133392333984,0.0,0.9999686479568481,0.0020588459447026253,0.042059656232595444,artifacts\diagnostics\foundation_x_official_direct\dryrun_official\probability_maps\teacher_model\official_siim_224\head_5\siim_009202.png,artifacts\diagnostics\foundation_x_official_direct\dryrun_official\binary_masks\teacher_model\official_siim_224\head_5\siim_009202.png,artifacts\diagnostics\foundation_x_official_direct\dryrun_official\visual_overlays\teacher_model\official_siim_224\head_5\siim_009202.png,artifacts\diagnostics\foundation_x_official_direct\dryrun_official\probability_histograms\teacher_model\official_siim_224\head_5\siim_009202.png,0.5375722543352601,0.3675889328063241,0.9207920792079208,0.3795918367346939,0.999839778894875,93,8,152,49923,245,101,50176
siim_009202,teacher_model,official_siim_224,2,,head_2,0.5,True,True,-324.24053955078125,6.5297980308532715,-95.8287353515625,52.67382049560547,0.0,0.9985427856445312,0.0010977821657434106,0.028595400974154472,artifacts\diagnostics\foundation_x_official_direct\dryrun_official\probability_maps\teacher_model\official_siim_224\head_2\siim_009202.png,artifacts\diagnostics\foundation_x_official_direct\dryrun_official\binary_masks\teacher_model\official_siim_224\head_2\siim_009202.png,artifacts\diagnostics\foundation_x_official_direct\dryrun_official\visual_overlays\teacher_model\official_siim_224\head_2\siim_009202.png,artifacts\diagnostics\foundation_x_official_direct\dryrun_official\probability_histograms\teacher_model\official_siim_224\head_2\siim_009202.png,0.35570469798657717,0.2163265306122449,1.0,0.2163265306122449,1.0,53,0,192,49931,245,53,50176
siim_009202,teacher_model,official_siim_224,4,12,head_4_ch12,0.5,True,False,-105.25225067138672,-0.5161572694778442,-24.53238296508789,12.328104972839355,0.0,0.3737512230873108,0.000542269553989172,0.008548751473426819,artifacts\diagnostics\foundation_x_official_direct\dryrun_official\probability_maps\teacher_model\official_siim_224\head_4_ch12\siim_009202.png,artifacts\diagnostics\foundation_x_official_direct\dryrun_official\binary_masks\teacher_model\official_siim_224\head_4_ch12\siim_009202.png,artifacts\diagnostics\foundation_x_official_direct\dryrun_official\visual_overlays\teacher_model\official_siim_224\head_4_ch12\siim_009202.png,artifacts\diagnostics\foundation_x_official_direct\dryrun_official\probability_histograms\teacher_model\official_siim_224\head_4_ch12\siim_009202.png,0.0,0.0,0.0,0.0,1.0,0,0,245,49931,245,0,50176
siim_009202,teacher_model,official_siim_512,5,,head_5,0.5,True,True,-305.47161865234375,37.35953903198242,-80.49095153808594,41.16069412231445,0.0,1.0,0.006606106646358967,0.07971864193677902,artifacts\diagnostics\foundation_x_official_direct\dryrun_official\probability_maps\teacher_model\official_siim_512\head_5\siim_009202.png,artifacts\diagnostics\foundation_x_official_direct\dryrun_official\binary_masks\teacher_model\official_siim_512\head_5\siim_009202.png,artifacts\diagnostics\foundation_x_official_direct\dryrun_official\visual_overlays\teacher_model\official_siim_512\head_5\siim_009202.png,artifacts\diagnostics\foundation_x_official_direct\dryrun_official\probability_histograms\teacher_model\official_siim_512\head_5\siim_009202.png,0.7758219860511458,0.6337493217580032,0.6728110599078341,0.9160784313725491,0.9978226619491009,1168,568,107,260301,1275,1736,262144
siim_009202,teacher_model,official_siim_512,2,,head_2,0.5,True,True,-385.24462890625,34.103702545166016,-85.29998016357422,48.229557037353516,0.0,1.0,0.005849211942404509,0.0749085396528244,artifacts\diagnostics\foundation_x_official_direct\dryrun_official\probability_maps\teacher_model\official_siim_512\head_2\siim_009202.png,artifacts\diagnostics\foundation_x_official_direct\dryrun_official\binary_masks\teacher_model\official_siim_512\head_2\siim_009202.png,artifacts\diagnostics\foundation_x_official_direct\dryrun_official\visual_overlays\teacher_model\official_siim_512\head_2\siim_009202.png,artifacts\diagnostics\foundation_x_official_direct\dryrun_official\probability_histograms\teacher_model\official_siim_512\head_2\siim_009202.png,0.7794798717491984,0.6386456509048453,0.7140992167101827,0.8580392156862745,0.9983209963621588,1094,438,181,260431,1275,1532,262144
siim_009202,teacher_model,official_siim_512,4,12,head_4_ch12,0.5,True,True,-103.7937240600586,9.09420108795166,-18.956127166748047,10.923182487487793,0.0,0.9998877048492432,0.014056987129151821,0.095622718334198,artifacts\diagnostics\foundation_x_official_direct\dryrun_official\probability_maps\teacher_model\official_siim_512\head_4_ch12\siim_009202.png,artifacts\diagnostics\foundation_x_official_direct\dryrun_official\binary_masks\teacher_model\official_siim_512\head_4_ch12\siim_009202.png,artifacts\diagnostics\foundation_x_official_direct\dryrun_official\visual_overlays\teacher_model\official_siim_512\head_4_ch12\siim_009202.png,artifacts\diagnostics\foundation_x_official_direct\dryrun_official\probability_histograms\teacher_model\official_siim_512\head_4_ch12\siim_009202.png,0.0,0.0,0.0,0.0,0.988062974136444,0,3114,1275,257755,1275,3114,262144
siim_009202,teacher_model,current_pr9a_512,5,,head_5,0.5,True,True,-322.57501220703125,21.480077743530273,-101.23892211914062,42.244956970214844,0.0,1.0,0.00242580845952034,0.04807354882359505,artifacts\diagnostics\foundation_x_official_direct\dryrun_official\probability_maps\teacher_model\current_pr9a_512\head_5\siim_009202.png,artifacts\diagnostics\foundation_x_official_direct\dryrun_official\binary_masks\teacher_model\current_pr9a_512\head_5\siim_009202.png,artifacts\diagnostics\foundation_x_official_direct\dryrun_official\visual_overlays\teacher_model\current_pr9a_512\head_5\siim_009202.png,artifacts\diagnostics\foundation_x_official_direct\dryrun_official\probability_histograms\teacher_model\current_pr9a_512\head_5\siim_009202.png,0.5594552121529597,0.38836363636363636,0.8422712933753943,0.4188235294117647,0.9996166658361093,534,100,741,260769,1275,634,262144
siim_009202,teacher_model,current_pr9a_512,2,,head_2,0.5,True,True,-392.98992919921875,20.059114456176758,-104.58306884765625,47.43842697143555,0.0,1.0,0.0023244007024914026,0.04703865945339203,artifacts\diagnostics\foundation_x_official_direct\dryrun_official\probability_maps\teacher_model\current_pr9a_512\head_2\siim_009202.png,artifacts\diagnostics\foundation_x_official_direct\dryrun_official\binary_masks\teacher_model\current_pr9a_512\head_2\siim_009202.png,artifacts\diagnostics\foundation_x_official_direct\dryrun_official\visual_overlays\teacher_model\current_pr9a_512\head_2\siim_009202.png,artifacts\diagnostics\foundation_x_official_direct\dryrun_official\probability_histograms\teacher_model\current_pr9a_512\head_2\siim_009202.png,0.5368700265251989,0.36693255982596085,0.8295081967213115,0.3968627450980392,0.9996013324695537,506,104,769,260765,1275,610,262144
siim_009202,teacher_model,current_pr9a_512,4,12,head_4_ch12,0.5,True,True,-84.2647476196289,4.877965927124023,-21.86679458618164,10.168985366821289,2.5367932549504e-37,0.9924450516700745,0.005636994261294603,0.05747515708208084,artifacts\diagnostics\foundation_x_official_direct\dryrun_official\probability_maps\teacher_model\current_pr9a_512\head_4_ch12\siim_009202.png,artifacts\diagnostics\foundation_x_official_direct\dryrun_official\binary_masks\teacher_model\current_pr9a_512\head_4_ch12\siim_009202.png,artifacts\diagnostics\foundation_x_official_direct\dryrun_official\visual_overlays\teacher_model\current_pr9a_512\head_4_ch12\siim_009202.png,artifacts\diagnostics\foundation_x_official_direct\dryrun_official\probability_histograms\teacher_model\current_pr9a_512\head_4_ch12\siim_009202.png,0.0,0.0,0.0,0.0,0.9955303236490346,0,1166,1275,259703,1275,1166,262144
siim_010316,teacher_model,official_siim_224,5,,head_5,0.5,False,False,-220.54116821289062,-22.6740665435791,-108.45443725585938,33.316585540771484,0.0,1.4216020027824072e-10,2.428966417919714e-14,1.321581407677519e-12,artifacts\diagnostics\foundation_x_official_direct\dryrun_official\probability_maps\teacher_model\official_siim_224\head_5\siim_010316.png,artifacts\diagnostics\foundation_x_official_direct\dryrun_official\binary_masks\teacher_model\official_siim_224\head_5\siim_010316.png,artifacts\diagnostics\foundation_x_official_direct\dryrun_official\visual_overlays\teacher_model\official_siim_224\head_5\siim_010316.png,artifacts\diagnostics\foundation_x_official_direct\dryrun_official\probability_histograms\teacher_model\official_siim_224\head_5\siim_010316.png,1.0,1.0,1.0,1.0,1.0,0,0,0,50176,0,0,50176
siim_010316,teacher_model,official_siim_224,2,,head_2,0.5,False,False,-239.58389282226562,-22.621835708618164,-108.47027587890625,35.781192779541016,0.0,1.4978267237619747e-10,3.110353093789195e-14,1.422930458357119e-12,artifacts\diagnostics\foundation_x_official_direct\dryrun_official\probability_maps\teacher_model\official_siim_224\head_2\siim_010316.png,artifacts\diagnostics\foundation_x_official_direct\dryrun_official\binary_masks\teacher_model\official_siim_224\head_2\siim_010316.png,artifacts\diagnostics\foundation_x_official_direct\dryrun_official\visual_overlays\teacher_model\official_siim_224\head_2\siim_010316.png,artifacts\diagnostics\foundation_x_official_direct\dryrun_official\probability_histograms\teacher_model\official_siim_224\head_2\siim_010316.png,1.0,1.0,1.0,1.0,1.0,0,0,0,50176,0,0,50176
siim_010316,teacher_model,official_siim_224,4,12,head_4_ch12,0.5,False,True,-77.68738555908203,12.225118637084961,-28.771867752075195,16.141191482543945,1.8230438829765536e-34,0.9999951124191284,0.045505281537771225,0.19792018830776215,artifacts\diagnostics\foundation_x_official_direct\dryrun_official\probability_maps\teacher_model\official_siim_224\head_4_ch12\siim_010316.png,artifacts\diagnostics\foundation_x_official_direct\dryrun_official\binary_masks\teacher_model\official_siim_224\head_4_ch12\siim_010316.png,artifacts\diagnostics\foundation_x_official_direct\dryrun_official\visual_overlays\teacher_model\official_siim_224\head_4_ch12\siim_010316.png,artifacts\diagnostics\foundation_x_official_direct\dryrun_official\probability_histograms\teacher_model\official_siim_224\head_4_ch12\siim_010316.png,0.0,0.0,0.0,0.0,0.9545001594387755,0,2283,0,47893,0,2283,50176
siim_010316,teacher_model,official_siim_512,5,,head_5,0.5,False,False,-195.8428955078125,-17.174667358398438,-81.28421020507812,27.587465286254883,0.0,3.476455745499152e-08,1.7340568000609458e-12,1.791552323160417e-10,artifacts\diagnostics\foundation_x_official_direct\dryrun_official\probability_maps\teacher_model\official_siim_512\head_5\siim_010316.png,artifacts\diagnostics\foundation_x_official_direct\dryrun_official\binary_masks\teacher_model\official_siim_512\head_5\siim_010316.png,artifacts\diagnostics\foundation_x_official_direct\dryrun_official\visual_overlays\teacher_model\official_siim_512\head_5\siim_010316.png,artifacts\diagnostics\foundation_x_official_direct\dryrun_official\probability_histograms\teacher_model\official_siim_512\head_5\siim_010316.png,1.0,1.0,1.0,1.0,1.0,0,0,0,262144,0,0,262144
siim_010316,teacher_model,official_siim_512,2,,head_2,0.5,False,False,-217.2550048828125,-16.618915557861328,-84.82282257080078,31.955915451049805,0.0,6.060335522306559e-08,3.937621062544139e-12,3.7061695379314585e-10,artifacts\diagnostics\foundation_x_official_direct\dryrun_official\probability_maps\teacher_model\official_siim_512\head_2\siim_010316.png,artifacts\diagnostics\foundation_x_official_direct\dryrun_official\binary_masks\teacher_model\official_siim_512\head_2\siim_010316.png,artifacts\diagnostics\foundation_x_official_direct\dryrun_official\visual_overlays\teacher_model\official_siim_512\head_2\siim_010316.png,artifacts\diagnostics\foundation_x_official_direct\dryrun_official\probability_histograms\teacher_model\official_siim_512\head_2\siim_010316.png,1.0,1.0,1.0,1.0,1.0,0,0,0,262144,0,0,262144
siim_010316,teacher_model,official_siim_512,4,12,head_4_ch12,0.5,False,True,-65.14080047607422,28.850444793701172,-15.771448135375977,15.080904006958008,5.125187869652985e-29,1.0,0.14761081337928772,0.3398008644580841,artifacts\diagnostics\foundation_x_official_direct\dryrun_official\probability_maps\teacher_model\official_siim_512\head_4_ch12\siim_010316.png,artifacts\diagnostics\foundation_x_official_direct\dryrun_official\binary_masks\teacher_model\official_siim_512\head_4_ch12\siim_010316.png,artifacts\diagnostics\foundation_x_official_direct\dryrun_official\visual_overlays\teacher_model\official_siim_512\head_4_ch12\siim_010316.png,artifacts\diagnostics\foundation_x_official_direct\dryrun_official\probability_histograms\teacher_model\official_siim_512\head_4_ch12\siim_010316.png,0.0,0.0,0.0,0.0,0.8536911010742188,0,38354,0,223790,0,38354,262144
siim_010316,teacher_model,current_pr9a_512,5,,head_5,0.5,False,False,-198.98019409179688,-16.84705924987793,-86.60931396484375,28.059354782104492,0.0,4.8240867300819446e-08,2.014429638722004e-12,2.0516227605682502e-10,artifacts\diagnostics\foundation_x_official_direct\dryrun_official\probability_maps\teacher_model\current_pr9a_512\head_5\siim_010316.png,artifacts\diagnostics\foundation_x_official_direct\dryrun_official\binary_masks\teacher_model\current_pr9a_512\head_5\siim_010316.png,artifacts\diagnostics\foundation_x_official_direct\dryrun_official\visual_overlays\teacher_model\current_pr9a_512\head_5\siim_010316.png,artifacts\diagnostics\foundation_x_official_direct\dryrun_official\probability_histograms\teacher_model\current_pr9a_512\head_5\siim_010316.png,1.0,1.0,1.0,1.0,1.0,0,0,0,262144,0,0,262144
siim_010316,teacher_model,current_pr9a_512,2,,head_2,0.5,False,False,-226.76840209960938,-17.606000900268555,-93.03114318847656,31.61775779724121,0.0,2.258452447279069e-08,2.2694361580949396e-12,1.594559484452418e-10,artifacts\diagnostics\foundation_x_official_direct\dryrun_official\probability_maps\teacher_model\current_pr9a_512\head_2\siim_010316.png,artifacts\diagnostics\foundation_x_official_direct\dryrun_official\binary_masks\teacher_model\current_pr9a_512\head_2\siim_010316.png,artifacts\diagnostics\foundation_x_official_direct\dryrun_official\visual_overlays\teacher_model\current_pr9a_512\head_2\siim_010316.png,artifacts\diagnostics\foundation_x_official_direct\dryrun_official\probability_histograms\teacher_model\current_pr9a_512\head_2\siim_010316.png,1.0,1.0,1.0,1.0,1.0,0,0,0,262144,0,0,262144
siim_010316,teacher_model,current_pr9a_512,4,12,head_4_ch12,0.5,False,True,-67.15158081054688,23.504684448242188,-18.261993408203125,14.787981033325195,6.861814548687754e-30,1.0,0.12985526025295258,0.32260364294052124,artifacts\diagnostics\foundation_x_official_direct\dryrun_official\probability_maps\teacher_model\current_pr9a_512\head_4_ch12\siim_010316.png,artifacts\diagnostics\foundation_x_official_direct\dryrun_official\binary_masks\teacher_model\current_pr9a_512\head_4_ch12\siim_010316.png,artifacts\diagnostics\foundation_x_official_direct\dryrun_official\visual_overlays\teacher_model\current_pr9a_512\head_4_ch12\siim_010316.png,artifacts\diagnostics\foundation_x_official_direct\dryrun_official\probability_histograms\teacher_model\current_pr9a_512\head_4_ch12\siim_010316.png,0.0,0.0,0.0,0.0,0.8710212707519531,0,33811,0,228333,0,33811,262144
